{"cameraMode":{"drawMode":0,"name":"Shaded","section":"Shading Mode"},"sceneLighting":true,"audioPlay":false,"sceneViewState":{"m_AlwaysRefresh":false,"showFog":true,"showSkybox":true,"showFlares":true,"showImageEffects":true,"showParticleSystems":true,"showVisualEffectGraphs":true,"m_FxEnabled":true},"in2DMode":false,"pivot":{"x":0.2671167850494385,"y":2.720013380050659,"z":-0.039728522300720218},"rotation":{"x":0.1150403693318367,"y":-0.5320907831192017,"z":0.07325486093759537,"w":0.8356362581253052},"size":5.2345967292785648,"orthographic":false}