{"cameraMode":{"drawMode":0,"name":"Shaded","section":"Shading Mode"},"sceneLighting":true,"audioPlay":false,"sceneViewState":{"m_AlwaysRefresh":false,"showFog":true,"showSkybox":true,"showFlares":true,"showImageEffects":true,"showParticleSystems":true,"showVisualEffectGraphs":true,"m_FxEnabled":true},"in2DMode":false,"pivot":{"x":-3.166842222213745,"y":2.381725788116455,"z":-0.13636541366577149},"rotation":{"x":-0.10880587249994278,"y":-0.2001434862613678,"z":0.022370681166648866,"w":-0.973466157913208},"size":1.8648288249969483,"orthographic":false}