{"cameraMode":{"drawMode":0,"name":"Shaded","section":"Shading Mode"},"sceneLighting":true,"audioPlay":false,"sceneViewState":{"m_AlwaysRefresh":false,"showFog":true,"showSkybox":true,"showFlares":true,"showImageEffects":true,"showParticleSystems":true,"showVisualEffectGraphs":true,"m_FxEnabled":true},"in2DMode":false,"pivot":{"x":-1.6720231771469117,"y":2.109365940093994,"z":12.845458030700684},"rotation":{"x":-0.06027054041624069,"y":-0.010753341019153595,"z":0.0006488201906904578,"w":-0.9981401562690735},"size":3.0906169414520265,"orthographic":false}