{"cameraMode":{"drawMode":0,"name":"Shaded","section":"Shading Mode"},"sceneLighting":true,"audioPlay":false,"sceneViewState":{"m_AlwaysRefresh":false,"showFog":true,"showSkybox":true,"showFlares":true,"showImageEffects":true,"showParticleSystems":true,"showVisualEffectGraphs":true,"m_FxEnabled":true},"in2DMode":false,"pivot":{"x":1440.1080322265625,"y":131.97109985351563,"z":-51.33441162109375},"rotation":{"x":-0.0183087345212698,"y":0.00003971969272242859,"z":0.00001818916280171834,"w":-0.9998905062675476},"size":291.71942138671877,"orthographic":false}